report_date,channel_name,game_name,normalized_game_name,platform,store_url,package_id,apple_app_id,video_id,video_title,video_url,extracted_from,created_at
2026-05-16,AetherFyre,Gun Girls: Mist Survival,gungirlsmistsurvival,google_play,https://play.google.com/store/apps/details?id=com.gungirls.gplay,com.gungirls.gplay,,6QzcrixcQVA,Gun Girls: Mist Survival | Gameplay Android,https://www.youtube.com/watch?v=6QzcrixcQVA,description_link_context,2026-05-18T04:27:38
2026-05-16,AetherFyre,Kingdom of Desert: Lite,kingdomofdesertlite,google_play,https://play.google.com/store/apps/details?id=com.ygtech.todlite,com.ygtech.todlite,,LjQ0gg_bwjk,Kingdom Of Desert: Lite | Gameplay Android,https://www.youtube.com/watch?v=LjQ0gg_bwjk,description_link_context,2026-05-18T04:27:38
2026-05-16,AetherFyre,モンバト：モンスターカードバトル,,google_play,https://play.google.com/store/apps/details?id=com.acostudio.monbato,com.acostudio.monbato,,wytx48qaALs,Monbato: Monster Card Battle | Gameplay Android Ios,https://www.youtube.com/watch?v=wytx48qaALs,description_link_context,2026-05-18T04:27:38
2026-05-16,AetherFyre,モンバト モンスターカードバトル,,app_store,https://apps.apple.com/jp/app/%E3%83%A2%E3%83%B3%E3%83%90%E3%83%88-%E3%83%A2%E3%83%B3%E3%82%B9%E3%82%BF%E3%83%BC%E3%82%AB%E3%83%BC%E3%83%89%E3%83%90%E3%83%88%E3%83%AB/id6756773523,,6756773523,wytx48qaALs,Monbato: Monster Card Battle | Gameplay Android Ios,https://www.youtube.com/watch?v=wytx48qaALs,description_link_context,2026-05-18T04:27:38
2026-05-16,AetherFyre,Top Legends,toplegends,google_play,https://play.google.com/store/apps/details?id=com.nova.toplegends.gp,com.nova.toplegends.gp,,s57Ln3WR_WU,Top Legends | Gameplay Android,https://www.youtube.com/watch?v=s57Ln3WR_WU,description_link_context,2026-05-18T04:27:38
2026-05-16,AetherFyre,Archer Castle,archercastle,unknown,,,,FqkHO1sZKyk,Archer Castle | Gameplay Android,https://www.youtube.com/watch?v=FqkHO1sZKyk,video_title_fallback,2026-05-18T03:38:06
2026-05-16,AetherFyre,Archer Knight: The Savior,archerknightthesavior,google_play,https://play.google.com/store/apps/details?id=com.horse.archery.attack,com.horse.archery.attack,,fsG56gujDcY,Archer Knight: The Savior | Gameplay Android,https://www.youtube.com/watch?v=fsG56gujDcY,description_link_context,2026-05-18T04:27:38
2026-05-16,AetherFyre,Goddess Protocol: Zero,goddessprotocolzero,google_play,https://play.google.com/store/apps/details?id=com.goddessgp.gpwarlegendship,com.goddessgp.gpwarlegendship,,zPvvgdzA1t4,Goddess Protocol: Zero | Gameplay Android Ios (Gift Codes),https://www.youtube.com/watch?v=zPvvgdzA1t4,description_link_context,2026-05-18T04:27:38
2026-05-16,AetherFyre,goddess protocol zero,goddessprotocolzero,app_store,https://apps.apple.com/us/app/goddess-protocol-zero/id6761887553,,6761887553,zPvvgdzA1t4,Goddess Protocol: Zero | Gameplay Android Ios (Gift Codes),https://www.youtube.com/watch?v=zPvvgdzA1t4,description_link_context,2026-05-18T04:27:38
2026-05-16,AetherFyre,📘My FB Fanpage,myfbfanpage,other,https://www.facebook.com/share/14zwBzhjRM/,,,6QzcrixcQVA,Gun Girls: Mist Survival | Gameplay Android,https://www.youtube.com/watch?v=6QzcrixcQVA,description_link_context,2026-05-18T04:27:38
2026-05-16,AetherFyre,Gun Girls: Mist Survival,gungirlsmistsurvival,other,https://discord.gg/AKPFtyeRfN,,,6QzcrixcQVA,Gun Girls: Mist Survival | Gameplay Android,https://www.youtube.com/watch?v=6QzcrixcQVA,description_link_context,2026-05-18T04:27:38
2026-05-16,AetherFyre,📘My FB Fanpage,myfbfanpage,other,https://www.facebook.com/share/14zwBzhjRM/,,,LjQ0gg_bwjk,Kingdom Of Desert: Lite | Gameplay Android,https://www.youtube.com/watch?v=LjQ0gg_bwjk,description_link_context,2026-05-18T04:27:38
2026-05-16,AetherFyre,Kingdom Of Desert: Lite,kingdomofdesertlite,other,https://discord.gg/AKPFtyeRfN,,,LjQ0gg_bwjk,Kingdom Of Desert: Lite | Gameplay Android,https://www.youtube.com/watch?v=LjQ0gg_bwjk,description_link_context,2026-05-18T04:27:38
2026-05-16,AetherFyre,📘My FB Fanpage,myfbfanpage,other,https://www.facebook.com/share/14zwBzhjRM/,,,wytx48qaALs,Monbato: Monster Card Battle | Gameplay Android Ios,https://www.youtube.com/watch?v=wytx48qaALs,description_link_context,2026-05-18T04:27:38
2026-05-16,AetherFyre,Monbato: Monster Card Battle,monbatomonstercardbattle,other,https://discord.gg/AKPFtyeRfN,,,wytx48qaALs,Monbato: Monster Card Battle | Gameplay Android Ios,https://www.youtube.com/watch?v=wytx48qaALs,description_link_context,2026-05-18T04:27:38
2026-05-16,AetherFyre,📘My FB Fanpage,myfbfanpage,other,https://www.facebook.com/share/14zwBzhjRM/,,,s57Ln3WR_WU,Top Legends | Gameplay Android,https://www.youtube.com/watch?v=s57Ln3WR_WU,description_link_context,2026-05-18T04:27:38
2026-05-16,AetherFyre,Top Legends,toplegends,other,https://discord.gg/AKPFtyeRfN,,,s57Ln3WR_WU,Top Legends | Gameplay Android,https://www.youtube.com/watch?v=s57Ln3WR_WU,description_link_context,2026-05-18T04:27:38
2026-05-16,AetherFyre,Archer Castle,archercastle,regional_store,https://m.onestore.co.kr/v2/ko-kr/app/0001004511,,,FqkHO1sZKyk,Archer Castle | Gameplay Android,https://www.youtube.com/watch?v=FqkHO1sZKyk,description_link_context,2026-05-18T04:27:38
2026-05-16,AetherFyre,📘My FB Fanpage,myfbfanpage,other,https://www.facebook.com/share/14zwBzhjRM/,,,FqkHO1sZKyk,Archer Castle | Gameplay Android,https://www.youtube.com/watch?v=FqkHO1sZKyk,description_link_context,2026-05-18T04:27:38
2026-05-16,AetherFyre,Archer Castle,archercastle,other,https://discord.gg/AKPFtyeRfN,,,FqkHO1sZKyk,Archer Castle | Gameplay Android,https://www.youtube.com/watch?v=FqkHO1sZKyk,description_link_context,2026-05-18T04:27:38
2026-05-16,AetherFyre,📘My FB Fanpage,myfbfanpage,other,https://www.facebook.com/share/14zwBzhjRM/,,,fsG56gujDcY,Archer Knight: The Savior | Gameplay Android,https://www.youtube.com/watch?v=fsG56gujDcY,description_link_context,2026-05-18T04:27:38
2026-05-16,AetherFyre,Archer Knight: The Savior,archerknightthesavior,other,https://discord.gg/AKPFtyeRfN,,,fsG56gujDcY,Archer Knight: The Savior | Gameplay Android,https://www.youtube.com/watch?v=fsG56gujDcY,description_link_context,2026-05-18T04:27:38
2026-05-16,AetherFyre,📘My FB Fanpage,myfbfanpage,other,https://www.facebook.com/share/14zwBzhjRM/,,,zPvvgdzA1t4,Goddess Protocol: Zero | Gameplay Android Ios (Gift Codes),https://www.youtube.com/watch?v=zPvvgdzA1t4,description_link_context,2026-05-18T04:27:38
2026-05-16,AetherFyre,Goddess Protocol: Zero,goddessprotocolzero,other,https://discord.gg/AKPFtyeRfN,,,zPvvgdzA1t4,Goddess Protocol: Zero | Gameplay Android Ios (Gift Codes),https://www.youtube.com/watch?v=zPvvgdzA1t4,description_link_context,2026-05-18T04:27:38
2026-05-16,MaryVerGamer,ALLfiring,allfiring,google_play,https://play.google.com/store/apps/details?id=com.genmugame.prometheus&hl=en,com.genmugame.prometheus,,PYxVDt_eLcc,ALLfiring gameplay,https://www.youtube.com/watch?v=PYxVDt_eLcc,description_link_context,2026-05-18T04:27:35
2026-05-16,MaryVerGamer,allfiring,allfiring,app_store,https://apps.apple.com/us/app/allfiring/id6759645105,,6759645105,PYxVDt_eLcc,ALLfiring gameplay,https://www.youtube.com/watch?v=PYxVDt_eLcc,description_link_context,2026-05-18T04:27:35
2026-05-16,MaryVerGamer,► Suscríbete para más gameplays,suscrbeteparamsgameplays,official_site,https://goo.gl/FQjSjC,,,PYxVDt_eLcc,ALLfiring gameplay,https://www.youtube.com/watch?v=PYxVDt_eLcc,description_link_context,2026-05-18T04:27:35
2026-05-16,TwinsGaming96,FrostFall: Tiny Survivors,frostfalltinysurvivors,google_play,https://play.google.com/store/apps/details?id=com.frozen.incredible.and&hl=zh,com.frozen.incredible.and,,YExmTyRdOo4,【手遊試玩】FrostFall: Tiny Survivors (搶先體驗)(Android/IOS),https://www.youtube.com/watch?v=YExmTyRdOo4,description_link_context,2026-05-18T04:27:37
2026-05-16,TwinsGaming96,终结猎锋K：首尔,终结猎锋k首尔,google_play,https://play.google.com/store/apps/details?id=com.haegin.lasthunterk&hl=zh,com.haegin.lasthunterk,,4hSl7TLWGh4,【手遊試玩】終結獵鋒K：首爾 (Android/IOS),https://www.youtube.com/watch?v=4hSl7TLWGh4,description_link_context,2026-05-18T04:27:37
2026-05-16,TwinsGaming96,终结猎锋k 首尔,终结猎锋k首尔,app_store,https://apps.apple.com/us/app/%E7%BB%88%E7%BB%93%E7%8C%8E%E9%94%8Bk-%E9%A6%96%E5%B0%94/id6752007774?l=zh-Hans-CN,,6752007774,4hSl7TLWGh4,【手遊試玩】終結獵鋒K：首爾 (Android/IOS),https://www.youtube.com/watch?v=4hSl7TLWGh4,description_link_context,2026-05-18T04:27:37
2026-05-16,TwinsGaming96,【手遊試玩】FrostFall: Tiny Survivors (Android,手遊試玩frostfalltinysurvivorsandroid,landing_page,https://apkpure.com/frostfall-tiny-survivors/com.frozen.incredible.and/download,,,YExmTyRdOo4,【手遊試玩】FrostFall: Tiny Survivors (搶先體驗)(Android/IOS),https://www.youtube.com/watch?v=YExmTyRdOo4,description_link_context,2026-05-18T04:27:37
2026-05-16,TwinsGaming96,Follow me on,followmeon,other,https://www.facebook.com/TwinsGaming96,,,YExmTyRdOo4,【手遊試玩】FrostFall: Tiny Survivors (搶先體驗)(Android/IOS),https://www.youtube.com/watch?v=YExmTyRdOo4,description_link_context,2026-05-18T04:27:37
2026-05-16,TwinsGaming96,【手遊試玩】FrostFall: Tiny Survivors (Android,手遊試玩frostfalltinysurvivorsandroid,other,https://twitter.com/TwinsGaming96,,,YExmTyRdOo4,【手遊試玩】FrostFall: Tiny Survivors (搶先體驗)(Android/IOS),https://www.youtube.com/watch?v=YExmTyRdOo4,description_link_context,2026-05-18T04:27:37
2026-05-16,TwinsGaming96,【手遊試玩】終結獵鋒K：首爾 (Android,手遊試玩終結獵鋒k首爾android,landing_page,https://apkpure.com/cn/last-hunter-k-seoul/com.haegin.lasthunterk/download,,,4hSl7TLWGh4,【手遊試玩】終結獵鋒K：首爾 (Android/IOS),https://www.youtube.com/watch?v=4hSl7TLWGh4,description_link_context,2026-05-18T04:27:37
2026-05-16,TwinsGaming96,【手遊試玩】終結獵鋒K：首爾 (Android,手遊試玩終結獵鋒k首爾android,other,https://x.com/last_hunter_k,,,4hSl7TLWGh4,【手遊試玩】終結獵鋒K：首爾 (Android/IOS),https://www.youtube.com/watch?v=4hSl7TLWGh4,description_link_context,2026-05-18T04:27:37
2026-05-16,TwinsGaming96,【手遊試玩】終結獵鋒K：首爾 (Android,手遊試玩終結獵鋒k首爾android,other,https://www.instagram.com/last_hunter_k/,,,4hSl7TLWGh4,【手遊試玩】終結獵鋒K：首爾 (Android/IOS),https://www.youtube.com/watch?v=4hSl7TLWGh4,description_link_context,2026-05-18T04:27:37
2026-05-16,TwinsGaming96,Follow me on,followmeon,other,https://www.facebook.com/TwinsGaming96,,,4hSl7TLWGh4,【手遊試玩】終結獵鋒K：首爾 (Android/IOS),https://www.youtube.com/watch?v=4hSl7TLWGh4,description_link_context,2026-05-18T04:27:37
2026-05-16,TwinsGaming96,【手遊試玩】終結獵鋒K：首爾 (Android,手遊試玩終結獵鋒k首爾android,other,https://twitter.com/TwinsGaming96,,,4hSl7TLWGh4,【手遊試玩】終結獵鋒K：首爾 (Android/IOS),https://www.youtube.com/watch?v=4hSl7TLWGh4,description_link_context,2026-05-18T04:27:37
2026-05-16,ZyMobileGameplay,Plague War: Survival,plaguewarsurvival,google_play,https://play.google.com/store/apps/details?id=com.copslg.global&pcampaignid=web_share,com.copslg.global,,xH40Wqa0ni4,Plague War: Survival (Early Access),https://www.youtube.com/watch?v=xH40Wqa0ni4,description_link_context,2026-05-18T04:27:37
2026-05-16,ZyMobileGameplay,Survival 28 Days,survival28days,google_play,https://play.google.com/store/apps/details?id=com.ratingqs.gplay&pcampaignid=web_share,com.ratingqs.gplay,,IXg9RrEpscA,Survival: 28 Days (Early Access),https://www.youtube.com/watch?v=IXg9RrEpscA,description_link_context,2026-05-18T04:27:37
2026-05-16,ZyMobileGameplay,ALLfiring,allfiring,google_play,https://play.google.com/store/apps/details?id=com.genmugame.prometheus,com.genmugame.prometheus,,T82WaR5bDNg,ALL firing,https://www.youtube.com/watch?v=T82WaR5bDNg,description_link_context,2026-05-18T04:27:37
2026-05-16,ZyMobileGameplay,Holy Grail Returns,holygrailreturns,google_play,https://play.google.com/store/apps/details?id=com.sameer.kllby2016,com.sameer.kllby2016,,POWzyfeWx-s,Holy Grail Returns,https://www.youtube.com/watch?v=POWzyfeWx-s,description_link_context,2026-05-18T04:27:37
2026-05-16,ZyMobileGameplay,The Misfit Squad,themisfitsquad,google_play,https://play.google.com/store/apps/details?id=com.a3.v2412.op&pcampaignid=web_share,com.a3.v2412.op,,fUJIhnfc5TQ,The Misfit Squad (Early Access),https://www.youtube.com/watch?v=fUJIhnfc5TQ,description_link_context,2026-05-18T04:27:37
2026-05-16,ZyMobileGameplay,ALL firing,allfiring,other,https://www.facebook.com/profile.php?id=61585042701755,,,T82WaR5bDNg,ALL firing,https://www.youtube.com/watch?v=T82WaR5bDNg,description_link_context,2026-05-18T04:27:37
2026-05-16,ZyMobileGameplay,ALL firing,allfiring,other,https://x.com/ALLfiring2026,,,T82WaR5bDNg,ALL firing,https://www.youtube.com/watch?v=T82WaR5bDNg,description_link_context,2026-05-18T04:27:37
2026-05-16,ZyMobileGameplay,ALL firing,allfiring,official_site,https://allfiring.genmugame.com/,,,T82WaR5bDNg,ALL firing,https://www.youtube.com/watch?v=T82WaR5bDNg,description_link_context,2026-05-18T04:27:37
2026-05-16,ZyMobileGameplay,ALL firing,allfiring,other,https://discord.gg/Bps5JRkSgQ,,,T82WaR5bDNg,ALL firing,https://www.youtube.com/watch?v=T82WaR5bDNg,description_link_context,2026-05-18T04:27:37
2026-05-16,adeptless,Rewindead - Third Person Shooter Gameplay,rewindeadthirdpersonshootergameplay,unknown,,,,SsqIomOeBQo,Rewindead - Third Person Shooter Gameplay,https://www.youtube.com/watch?v=SsqIomOeBQo,video_title_fallback,2026-05-18T03:37:59
2026-05-16,adeptless,Squadika - Top Down Arena Shooter Roguelite Gameplay,squadikatopdownarenashooterroguelitegameplay,unknown,,,,VzgGiib7WMo,Squadika - Top Down Arena Shooter Roguelite Gameplay,https://www.youtube.com/watch?v=VzgGiib7WMo,video_title_fallback,2026-05-18T03:37:59
2026-05-16,adeptless,Gun Girls: Mist Survival,gungirlsmistsurvival,google_play,https://play.google.com/store/apps/details?id=com.gungirls.gplay&hl=en,com.gungirls.gplay,,DKf09DXsxFE,Gun Girls: Mist Survival - Anime Tactical Shooter Gameplay (Android/iOS),https://www.youtube.com/watch?v=DKf09DXsxFE,description_link_context,2026-05-18T04:27:35
2026-05-16,adeptless,Archer Castle: AFK Idle RPG - Gameplay (Android,archercastleafkidlerpggameplayandroid,unknown,,,,u4DUA7tmAmA,Archer Castle: AFK Idle RPG - Gameplay (Android/iOS),https://www.youtube.com/watch?v=u4DUA7tmAmA,video_title_fallback,2026-05-18T03:37:59
2026-05-16,adeptless,Top Legends,toplegends,google_play,https://play.google.com/store/apps/details?id=com.nova.toplegends.gp,com.nova.toplegends.gp,,QMrNOAZ7f28,Top Legends - Gameplay (Android/iOS),https://www.youtube.com/watch?v=QMrNOAZ7f28,description_link_context,2026-05-18T04:27:35
2026-05-16,adeptless,Goddess Protocol: Zero,goddessprotocolzero,google_play,https://play.google.com/store/apps/details?id=com.goddessgp.gpwarlegendship&hl=en,com.goddessgp.gpwarlegendship,,gTJmcK5uUQc,Goddess Protocol: Zero | Giftcodes - Anime Gacha RPG Gameplay (Android/iOS),https://www.youtube.com/watch?v=gTJmcK5uUQc,description_link_context,2026-05-18T04:27:35
2026-05-16,adeptless,goddess protocol zero,goddessprotocolzero,app_store,https://apps.apple.com/us/app/goddess-protocol-zero/id6761887553,,6761887553,gTJmcK5uUQc,Goddess Protocol: Zero | Giftcodes - Anime Gacha RPG Gameplay (Android/iOS),https://www.youtube.com/watch?v=gTJmcK5uUQc,description_link_context,2026-05-18T04:27:35
2026-05-16,adeptless,Rewindead - Third Person Shooter Gameplay,rewindeadthirdpersonshootergameplay,steam,https://store.steampowered.com/app/4196910/Rewindead/,,,SsqIomOeBQo,Rewindead - Third Person Shooter Gameplay,https://www.youtube.com/watch?v=SsqIomOeBQo,description_link_context,2026-05-18T04:27:35
2026-05-16,adeptless,Squadika - Top Down Arena Shooter Roguelite Gameplay,squadikatopdownarenashooterroguelitegameplay,steam,https://store.steampowered.com/app/4461140/Squadika/,,,VzgGiib7WMo,Squadika - Top Down Arena Shooter Roguelite Gameplay,https://www.youtube.com/watch?v=VzgGiib7WMo,description_link_context,2026-05-18T04:27:35
2026-05-16,adeptless,Archer Castle: AFK Idle RPG - Gameplay (Android,archercastleafkidlerpggameplayandroid,regional_store,https://m.onestore.co.kr/v2/ko-kr/app/0001004511,,,u4DUA7tmAmA,Archer Castle: AFK Idle RPG - Gameplay (Android/iOS),https://www.youtube.com/watch?v=u4DUA7tmAmA,description_link_context,2026-05-18T04:27:35
2026-05-16,fyxofficial,NBA: Absolute Superstar Gameplay Android IOS - Official Released.,nbaabsolutesuperstargameplayandroidiosofficialreleased,unknown,,,,tF1mwRVKoVM,NBA: Absolute Superstar Gameplay Android IOS - Official Released.,https://www.youtube.com/watch?v=tF1mwRVKoVM,video_title_fallback,2026-05-18T03:38:05
2026-05-16,fyxofficial,Gun Girls: Mist Survival,gungirlsmistsurvival,google_play,https://play.google.com/store/apps/details?id=com.gungirls.gplay,com.gungirls.gplay,,IX8fEj19XDU,Gun Girls: Mist Survival Gameplay Android IOS - Early Access.,https://www.youtube.com/watch?v=IX8fEj19XDU,description_link_context,2026-05-18T04:27:37
2026-05-16,fyxofficial,Voyage Will: Epic Treasure,voyagewillepictreasure,unknown,,,,u_z4crj3Z10,Voyage Will: Epic Treasure || All 15 Giftcode & How to Redeem - Voyage Will: Epic Treasure 15 Code.,https://www.youtube.com/watch?v=u_z4crj3Z10,video_title_fallback,2026-05-18T03:38:05
2026-05-16,fyxofficial,voyage will epic treasure,voyagewillepictreasure,app_store,https://apps.apple.com/us/app/voyage-will-epic-treasure/id6761878915,,6761878915,AYdfY8xcYNY,Voyage Will: Epic Treasure - One piece Gameplay Android IOS - Official Released.,https://www.youtube.com/watch?v=AYdfY8xcYNY,description_link_context,2026-05-18T04:27:37
2026-05-16,fyxofficial,Servant War,servantwar,unknown,,,,1Djh6jj7y3o,Servant War || All 4 Giftcode & How to Redeem - Servant War 4 Code.,https://www.youtube.com/watch?v=1Djh6jj7y3o,video_title_fallback,2026-05-18T03:38:05
2026-05-16,fyxofficial,servant war,servantwar,app_store,https://apps.apple.com/us/app/servant-war/id6762241822,,6762241822,H4P3cfMveis,Servant War - Anime RPG Gameplay Android IOS - Official Released.,https://www.youtube.com/watch?v=H4P3cfMveis,description_link_context,2026-05-18T04:27:37
2026-05-16,fyxofficial,High School DxD Gameplay Android IOS - Official Released.,highschooldxdgameplayandroidiosofficialreleased,unknown,,,,BsHEZwTsSrw,High School DxD Gameplay Android IOS - Official Released.,https://www.youtube.com/watch?v=BsHEZwTsSrw,video_title_fallback,2026-05-18T03:38:05
2026-05-16,fyxofficial,Flower Language Compendium Gameplay Android IOS - Official Launch.,flowerlanguagecompendiumgameplayandroidiosofficiallaunch,unknown,,,,ewzUyew-Q60,Flower Language Compendium Gameplay Android IOS - Official Launch.,https://www.youtube.com/watch?v=ewzUyew-Q60,video_title_fallback,2026-05-18T03:38:05
2026-05-16,fyxofficial,Mushoku Tensei: Jobless Reincarnation Gameplay Android IOS - CBT #2,mushokutenseijoblessreincarnationgameplayandroidioscbt2,unknown,,,,g0Av1Rani9E,Mushoku Tensei: Jobless Reincarnation Gameplay Android IOS - CBT #2,https://www.youtube.com/watch?v=g0Av1Rani9E,video_title_fallback,2026-05-18T03:38:05
2026-05-16,fyxofficial,Kingdom of Desert: Lite,kingdomofdesertlite,google_play,https://play.google.com/store/apps/details?id=com.ygtech.todlite,com.ygtech.todlite,,FI4WNT8qD5U,Kingdom Of Desert: Lite Gameplay Android IOS - Official Released.,https://www.youtube.com/watch?v=FI4WNT8qD5U,description_link_context,2026-05-18T04:27:37
2026-05-16,fyxofficial,Goddess Protocol: Zero,goddessprotocolzero,unknown,,,,pCfLOXWxn_o,Goddess Protocol: Zero || All 2 Giftcode & How to Redeem - Goddess Protocol: Zero 2 Code.,https://www.youtube.com/watch?v=pCfLOXWxn_o,video_title_fallback,2026-05-18T03:38:05
2026-05-16,fyxofficial,Goddess Protocol: Zero,goddessprotocolzero,google_play,https://play.google.com/store/apps/details?id=com.goddessgp.gpwarlegendship,com.goddessgp.gpwarlegendship,,VT9nx6ADfds,Goddess Protocol: Zero Gameplay Android IOS - Official Released.,https://www.youtube.com/watch?v=VT9nx6ADfds,description_link_context,2026-05-18T04:27:37
2026-05-16,fyxofficial,________________________,,landing_page,https://kol4.x7game.com/tggame_13/down?tgid=122858&gid=17476,,,tF1mwRVKoVM,NBA: Absolute Superstar Gameplay Android IOS - Official Released.,https://www.youtube.com/watch?v=tF1mwRVKoVM,description_link_context,2026-05-18T04:27:37
2026-05-16,fyxofficial,NBA: Absolute Superstar Gameplay Android IOS - Official Released.,nbaabsolutesuperstargameplayandroidiosofficialreleased,other,https://www.facebook.com/share/1F8BGpWC51/,,,tF1mwRVKoVM,NBA: Absolute Superstar Gameplay Android IOS - Official Released.,https://www.youtube.com/watch?v=tF1mwRVKoVM,description_link_context,2026-05-18T04:27:37
2026-05-16,fyxofficial,Gun Girls: Mist Survival Gameplay Android IOS - Early Access.,gungirlsmistsurvivalgameplayandroidiosearlyaccess,other,https://www.facebook.com/share/1F8BGpWC51/,,,IX8fEj19XDU,Gun Girls: Mist Survival Gameplay Android IOS - Early Access.,https://www.youtube.com/watch?v=IX8fEj19XDU,description_link_context,2026-05-18T04:27:37
2026-05-16,fyxofficial,Voyage Will: Epic Treasure,voyagewillepictreasure,other,https://www.facebook.com/share/1F8BGpWC51/,,,u_z4crj3Z10,Voyage Will: Epic Treasure || All 15 Giftcode & How to Redeem - Voyage Will: Epic Treasure 15 Code.,https://www.youtube.com/watch?v=u_z4crj3Z10,description_link_context,2026-05-18T04:27:37
2026-05-16,fyxofficial,Voyage Will: Epic Treasure - One piece Gameplay Android IOS - Official Released.,voyagewillepictreasureonepiecegameplayandroidiosofficialreleased,other,https://www.facebook.com/share/1F8BGpWC51/,,,AYdfY8xcYNY,Voyage Will: Epic Treasure - One piece Gameplay Android IOS - Official Released.,https://www.youtube.com/watch?v=AYdfY8xcYNY,description_link_context,2026-05-18T04:27:37
2026-05-16,fyxofficial,Servant War,servantwar,other,https://www.facebook.com/share/1F8BGpWC51/,,,1Djh6jj7y3o,Servant War || All 4 Giftcode & How to Redeem - Servant War 4 Code.,https://www.youtube.com/watch?v=1Djh6jj7y3o,description_link_context,2026-05-18T04:27:37
2026-05-16,fyxofficial,Servant War - Anime RPG Gameplay Android IOS - Official Released.,servantwaranimerpggameplayandroidiosofficialreleased,other,https://www.facebook.com/share/1F8BGpWC51/,,,H4P3cfMveis,Servant War - Anime RPG Gameplay Android IOS - Official Released.,https://www.youtube.com/watch?v=H4P3cfMveis,description_link_context,2026-05-18T04:27:37
2026-05-16,fyxofficial,________________________,,landing_page,https://kol4.x7game.com/tggame_13/down?tgid=122315&gid=17042,,,BsHEZwTsSrw,High School DxD Gameplay Android IOS - Official Released.,https://www.youtube.com/watch?v=BsHEZwTsSrw,description_link_context,2026-05-18T04:27:37
2026-05-16,fyxofficial,High School DxD Gameplay Android IOS - Official Released.,highschooldxdgameplayandroidiosofficialreleased,other,https://www.facebook.com/share/1F8BGpWC51/,,,BsHEZwTsSrw,High School DxD Gameplay Android IOS - Official Released.,https://www.youtube.com/watch?v=BsHEZwTsSrw,description_link_context,2026-05-18T04:27:37
2026-05-16,fyxofficial,________________________,,landing_page,https://kol4.x7game.com/tggame_13/down?tgid=122857&gid=17496,,,ewzUyew-Q60,Flower Language Compendium Gameplay Android IOS - Official Launch.,https://www.youtube.com/watch?v=ewzUyew-Q60,description_link_context,2026-05-18T04:27:37
2026-05-16,fyxofficial,Flower Language Compendium Gameplay Android IOS - Official Launch.,flowerlanguagecompendiumgameplayandroidiosofficiallaunch,other,https://www.facebook.com/share/1F8BGpWC51/,,,ewzUyew-Q60,Flower Language Compendium Gameplay Android IOS - Official Launch.,https://www.youtube.com/watch?v=ewzUyew-Q60,description_link_context,2026-05-18T04:27:37
2026-05-16,fyxofficial,________________________,,official_site,https://mushokutensei-coe.com/,,,g0Av1Rani9E,Mushoku Tensei: Jobless Reincarnation Gameplay Android IOS - CBT #2,https://www.youtube.com/watch?v=g0Av1Rani9E,description_link_context,2026-05-18T04:27:37
2026-05-16,fyxofficial,Mushoku Tensei: Jobless Reincarnation Gameplay Android IOS - CBT #2,mushokutenseijoblessreincarnationgameplayandroidioscbt2,other,https://www.facebook.com/share/1F8BGpWC51/,,,g0Av1Rani9E,Mushoku Tensei: Jobless Reincarnation Gameplay Android IOS - CBT #2,https://www.youtube.com/watch?v=g0Av1Rani9E,description_link_context,2026-05-18T04:27:37
2026-05-16,fyxofficial,Kingdom Of Desert: Lite Gameplay Android IOS - Official Released.,kingdomofdesertlitegameplayandroidiosofficialreleased,other,https://www.facebook.com/share/1F8BGpWC51/,,,FI4WNT8qD5U,Kingdom Of Desert: Lite Gameplay Android IOS - Official Released.,https://www.youtube.com/watch?v=FI4WNT8qD5U,description_link_context,2026-05-18T04:27:37
2026-05-16,fyxofficial,Goddess Protocol: Zero,goddessprotocolzero,other,https://www.facebook.com/share/1F8BGpWC51/,,,pCfLOXWxn_o,Goddess Protocol: Zero || All 2 Giftcode & How to Redeem - Goddess Protocol: Zero 2 Code.,https://www.youtube.com/watch?v=pCfLOXWxn_o,description_link_context,2026-05-18T04:27:37
2026-05-16,fyxofficial,Goddess Protocol: Zero Gameplay Android IOS - Official Released.,goddessprotocolzerogameplayandroidiosofficialreleased,other,https://www.facebook.com/share/1F8BGpWC51/,,,VT9nx6ADfds,Goddess Protocol: Zero Gameplay Android IOS - Official Released.,https://www.youtube.com/watch?v=VT9nx6ADfds,description_link_context,2026-05-18T04:27:37
2026-05-16,musthavegames_androidgameplay,Yummy Restaurant Games,yummyrestaurantgames,unknown,,,,xT5_vkGEjLM,Yummy Restaurant Games (Gameplay Android),https://www.youtube.com/watch?v=xT5_vkGEjLM,video_title_fallback,2026-05-18T04:21:29
2026-05-16,musthavegames_androidgameplay,Candy Bear Sort Games,candybearsortgames,unknown,,,,kV4kORG8wxM,Candy Bear Sort Games (Gameplay Android),https://www.youtube.com/watch?v=kV4kORG8wxM,video_title_fallback,2026-05-18T04:21:29
2026-05-16,musthavegames_androidgameplay,Space Rocket Evolution Games,spacerocketevolutiongames,unknown,,,,OnKtPgRC30s,Space Rocket Evolution Games (Gameplay Android),https://www.youtube.com/watch?v=OnKtPgRC30s,video_title_fallback,2026-05-18T04:21:29
2026-05-16,musthavegames_androidgameplay,Army Clash Commander Games,armyclashcommandergames,unknown,,,,lLD7q2hFpf8,Army Clash Commander Games (Gameplay Android),https://www.youtube.com/watch?v=lLD7q2hFpf8,video_title_fallback,2026-05-18T04:21:29
2026-05-16,musthavegames_androidgameplay,Ocean Jam Games,oceanjamgames,unknown,,,,G73Hz2AJsvM,Ocean Jam Games (Gameplay Android),https://www.youtube.com/watch?v=G73Hz2AJsvM,video_title_fallback,2026-05-18T04:21:29
2026-05-16,musthavegames_androidgameplay,Capybara Sorting Puzzle Games,capybarasortingpuzzlegames,unknown,,,,mq7fVgvkIgg,Capybara Sorting Puzzle Games (Gameplay Android),https://www.youtube.com/watch?v=mq7fVgvkIgg,video_title_fallback,2026-05-18T04:21:29
2026-05-16,musthavegames_androidgameplay,Nut Flow: Color Sort Puzzle Games,nutflowcolorsortpuzzlegames,unknown,,,,dsnaogLQZfU,Nut Flow: Color Sort Puzzle Games (Gameplay Android),https://www.youtube.com/watch?v=dsnaogLQZfU,video_title_fallback,2026-05-18T04:21:29
2026-05-16,musthavegames_androidgameplay,Synthesis War：Tactic Gear Games,synthesiswartacticgeargames,unknown,,,,TX2S8QmhXwQ,Synthesis War：Tactic Gear Games (Gameplay Android),https://www.youtube.com/watch?v=TX2S8QmhXwQ,video_title_fallback,2026-05-18T04:21:29
2026-05-16,musthavegames_androidgameplay,Cute Cube: Eliminate Games,cutecubeeliminategames,unknown,,,,_QWrCd8R55I,Cute Cube: Eliminate Games (Gameplay Android),https://www.youtube.com/watch?v=_QWrCd8R55I,video_title_fallback,2026-05-18T04:21:29
2026-05-16,musthavegames_androidgameplay,Arrow Escape Mind Puzzle Games,arrowescapemindpuzzlegames,unknown,,,,R3JysS3eCp0,Arrow Escape Mind Puzzle Games (Gameplay Android),https://www.youtube.com/watch?v=R3JysS3eCp0,video_title_fallback,2026-05-18T04:21:29
2026-05-16,musthavegames_androidgameplay,Untape Sort: Tape Puzzle 3D Games,untapesorttapepuzzle3dgames,unknown,,,,CLcyB_upgKI,Untape Sort: Tape Puzzle 3D Games (Gameplay Android),https://www.youtube.com/watch?v=CLcyB_upgKI,video_title_fallback,2026-05-18T04:21:29
2026-05-16,musthavegames_androidgameplay,Thread Loop Games,threadloopgames,unknown,,,,AXeEv4Lgj3c,Thread Loop Games (Gameplay Android),https://www.youtube.com/watch?v=AXeEv4Lgj3c,video_title_fallback,2026-05-18T04:21:29
2026-05-16,musthavegames_androidgameplay,Arrow Match - Arrow Puzzle Games,arrowmatcharrowpuzzlegames,unknown,,,,SUqh6rjyeCI,Arrow Match - Arrow Puzzle Games (Gameplay Android),https://www.youtube.com/watch?v=SUqh6rjyeCI,video_title_fallback,2026-05-18T04:21:29
2026-05-16,musthavegames_androidgameplay,Tiny Order: Idle Clicker RPG Games,tinyorderidleclickerrpggames,unknown,,,,LUu7ikzxAA0,Tiny Order: Idle Clicker RPG Games (Gameplay Android),https://www.youtube.com/watch?v=LUu7ikzxAA0,video_title_fallback,2026-05-18T04:21:29
2026-05-16,musthavegames_androidgameplay,Knit Shooter Games,knitshootergames,unknown,,,,hb1Oho05DZg,Knit Shooter Games (Gameplay Android),https://www.youtube.com/watch?v=hb1Oho05DZg,video_title_fallback,2026-05-18T04:21:29
2026-05-16,musthavegames_androidgameplay,Planet Clash Games,planetclashgames,unknown,,,,2yHxyXBz9ts,Planet Clash Games (Gameplay Android),https://www.youtube.com/watch?v=2yHxyXBz9ts,video_title_fallback,2026-05-18T04:21:29
2026-05-16,musthavegames_androidgameplay,Bus Pack Games,buspackgames,unknown,,,,jIGhbuWfboo,Bus Pack Games (Gameplay Android),https://www.youtube.com/watch?v=jIGhbuWfboo,video_title_fallback,2026-05-18T04:21:29
2026-05-16,musthavegames_androidgameplay,Ring Rescue: Color Puzzle Games,ringrescuecolorpuzzlegames,unknown,,,,e_YsAPRxp04,Ring Rescue: Color Puzzle Games (Gameplay Android),https://www.youtube.com/watch?v=e_YsAPRxp04,video_title_fallback,2026-05-18T04:21:29
2026-05-16,musthavegames_androidgameplay,Defenders 3: Tower Defense CCG Games,defenders3towerdefenseccggames,unknown,,,,IANM13DWAy0,Defenders 3: Tower Defense CCG Games (Gameplay Android),https://www.youtube.com/watch?v=IANM13DWAy0,video_title_fallback,2026-05-18T04:21:29
2026-05-16,musthavegames_androidgameplay,Gecko Blocks - Path Puzzle Games,geckoblockspathpuzzlegames,unknown,,,,EybE4yXBWK4,Gecko Blocks - Path Puzzle Games (Gameplay Android),https://www.youtube.com/watch?v=EybE4yXBWK4,video_title_fallback,2026-05-18T04:21:29
2026-05-16,musthavegames_androidgameplay,Mahjong Pro - Tile Match Games,mahjongprotilematchgames,unknown,,,,2CXCgFPDpMQ,Mahjong Pro - Tile Match Games (Gameplay Android),https://www.youtube.com/watch?v=2CXCgFPDpMQ,video_title_fallback,2026-05-18T04:21:29
2026-05-16,musthavegames_androidgameplay,Stickmans Massive Battle Games,stickmansmassivebattlegames,unknown,,,,kxXcITW_Z9s,Stickmans Massive Battle Games (Gameplay Android),https://www.youtube.com/watch?v=kxXcITW_Z9s,video_title_fallback,2026-05-18T04:21:29
2026-05-16,musthavegames_androidgameplay,Glow Sort - Jewel Color Puzzle Games,glowsortjewelcolorpuzzlegames,unknown,,,,hIr5qHR1gbc,Glow Sort - Jewel Color Puzzle Games (Gameplay Android),https://www.youtube.com/watch?v=hIr5qHR1gbc,video_title_fallback,2026-05-18T04:21:29
2026-05-16,musthavegames_androidgameplay,Face Blast! Match & Merge Games,faceblastmatchmergegames,unknown,,,,LbYNH5FNZYA,Face Blast! Match & Merge Games (Gameplay Android),https://www.youtube.com/watch?v=LbYNH5FNZYA,video_title_fallback,2026-05-18T04:21:29
2026-05-16,musthavegames_androidgameplay,Beach Drop Match: Pair Puzzle Games,beachdropmatchpairpuzzlegames,unknown,,,,ivNQ-dB0BaA,Beach Drop Match: Pair Puzzle Games (Gameplay Android),https://www.youtube.com/watch?v=ivNQ-dB0BaA,video_title_fallback,2026-05-18T04:21:29
2026-05-16,musthavegames_androidgameplay,Love Castle - Royal Makeover Games,lovecastleroyalmakeovergames,unknown,,,,XUpyxclQHPE,Love Castle - Royal Makeover Games (Gameplay Android),https://www.youtube.com/watch?v=XUpyxclQHPE,video_title_fallback,2026-05-18T04:27:36
2026-05-16,musthavegames_androidgameplay,Arrow Brain Path : Game 2026 Games,arrowbrainpathgame2026games,unknown,,,,ygNMQKmcuRg,Arrow Brain Path : Game 2026 Games (Gameplay Android),https://www.youtube.com/watch?v=ygNMQKmcuRg,video_title_fallback,2026-05-18T04:21:29
2026-05-16,musthavegames_androidgameplay,Coin Block Clicker: Tap Game,coinblockclickertapgame,unknown,,,,dqk7QrNqcgs,Coin Block Clicker: Tap Game (Gameplay Android),https://www.youtube.com/watch?v=dqk7QrNqcgs,video_title_fallback,2026-05-18T04:21:29
2026-05-16,musthavegames_androidgameplay,Wool Puzzle 3D: Knit Challenge Games,woolpuzzle3dknitchallengegames,unknown,,,,ndG3I0h9xx8,Wool Puzzle 3D: Knit Challenge Games (Gameplay Android),https://www.youtube.com/watch?v=ndG3I0h9xx8,video_title_fallback,2026-05-18T04:21:29
2026-05-16,musthavegames_androidgameplay,SoEasy Tile: Puzzle Match Games,soeasytilepuzzlematchgames,unknown,,,,bye8VA2zGLE,SoEasy Tile: Puzzle Match Games (Gameplay Android),https://www.youtube.com/watch?v=bye8VA2zGLE,video_title_fallback,2026-05-18T04:21:29
2026-05-16,musthavegames_androidgameplay,Yummy Restaurant,yummyrestaurant,google_play,https://play.google.com/store/apps/details?id=com.yamystudio.yummyrestaurant,com.yamystudio.yummyrestaurant,,xT5_vkGEjLM,Yummy Restaurant Games (Gameplay Android),https://www.youtube.com/watch?v=xT5_vkGEjLM,package_id_fallback,2026-05-18T04:27:36
2026-05-16,musthavegames_androidgameplay,Candy Bear Sort,candybearsort,google_play,https://play.google.com/store/apps/details?id=com.pfg.ballsort,com.pfg.ballsort,,kV4kORG8wxM,Candy Bear Sort Games (Gameplay Android),https://www.youtube.com/watch?v=kV4kORG8wxM,package_id_fallback,2026-05-18T04:27:36
2026-05-16,musthavegames_androidgameplay,Space Rocket Evolution,spacerocketevolution,google_play,https://play.google.com/store/apps/details?id=com.pandorio.rocketevolution,com.pandorio.rocketevolution,,OnKtPgRC30s,Space Rocket Evolution Games (Gameplay Android),https://www.youtube.com/watch?v=OnKtPgRC30s,package_id_fallback,2026-05-18T04:27:36
2026-05-16,musthavegames_androidgameplay,Army Clash Commander,armyclashcommander,google_play,https://play.google.com/store/apps/details?id=com.edenap.x3,com.edenap.x3,,lLD7q2hFpf8,Army Clash Commander Games (Gameplay Android),https://www.youtube.com/watch?v=lLD7q2hFpf8,package_id_fallback,2026-05-18T04:27:36
2026-05-16,musthavegames_androidgameplay,Ocean Jam,oceanjam,google_play,https://play.google.com/store/apps/details?id=com.nomadium.oceanjam,com.nomadium.oceanjam,,G73Hz2AJsvM,Ocean Jam Games (Gameplay Android),https://www.youtube.com/watch?v=G73Hz2AJsvM,package_id_fallback,2026-05-18T04:27:36
2026-05-16,musthavegames_androidgameplay,Capybara Sorting Puzzle,capybarasortingpuzzle,google_play,https://play.google.com/store/apps/details?id=com.imb.capybarapuzzle,com.imb.capybarapuzzle,,mq7fVgvkIgg,Capybara Sorting Puzzle Games (Gameplay Android),https://www.youtube.com/watch?v=mq7fVgvkIgg,package_id_fallback,2026-05-18T04:27:36
2026-05-16,musthavegames_androidgameplay,Nut Flow: Color Sort Puzzle Games,nutflowcolorsortpuzzlegames,google_play,https://play.google.com/store/apps/details?id=com.taptik.nutflowcolorsortpuzzle,com.taptik.nutflowcolorsortpuzzle,,dsnaogLQZfU,Nut Flow: Color Sort Puzzle Games (Gameplay Android),https://www.youtube.com/watch?v=dsnaogLQZfU,package_id_fallback,2026-05-18T04:27:36
2026-05-16,musthavegames_androidgameplay,Synthesis War：Tactic Gear,synthesiswartacticgear,google_play,https://play.google.com/store/apps/details?id=com.hczz.sfgame,com.hczz.sfgame,,TX2S8QmhXwQ,Synthesis War：Tactic Gear Games (Gameplay Android),https://www.youtube.com/watch?v=TX2S8QmhXwQ,package_id_fallback,2026-05-18T04:27:36
2026-05-16,musthavegames_androidgameplay,Cute Cube: Eliminate,cutecubeeliminate,google_play,https://play.google.com/store/apps/details?id=com.kadire.cutepet,com.kadire.cutepet,,_QWrCd8R55I,Cute Cube: Eliminate Games (Gameplay Android),https://www.youtube.com/watch?v=_QWrCd8R55I,package_id_fallback,2026-05-18T04:27:36
2026-05-16,musthavegames_androidgameplay,Arrow Escape Mind Puzzle,arrowescapemindpuzzle,google_play,https://play.google.com/store/apps/details?id=com.gamestech.arrow.escape.mind.puzzle.game,com.gamestech.arrow.escape.mind.puzzle.game,,R3JysS3eCp0,Arrow Escape Mind Puzzle Games (Gameplay Android),https://www.youtube.com/watch?v=R3JysS3eCp0,package_id_fallback,2026-05-18T04:27:36
2026-05-16,musthavegames_androidgameplay,Untape Sort: Tape Puzzle 3D,untapesorttapepuzzle3d,google_play,https://play.google.com/store/apps/details?id=com.horus.tape.sort,com.horus.tape.sort,,CLcyB_upgKI,Untape Sort: Tape Puzzle 3D Games (Gameplay Android),https://www.youtube.com/watch?v=CLcyB_upgKI,package_id_fallback,2026-05-18T04:27:36
2026-05-16,musthavegames_androidgameplay,Thread Loop,threadloop,google_play,https://play.google.com/store/apps/details?id=com.thread.loop,com.thread.loop,,AXeEv4Lgj3c,Thread Loop Games (Gameplay Android),https://www.youtube.com/watch?v=AXeEv4Lgj3c,package_id_fallback,2026-05-18T04:27:36
2026-05-16,musthavegames_androidgameplay,Arrow Match - Arrow Puzzle,arrowmatcharrowpuzzle,google_play,https://play.google.com/store/apps/details?id=com.tinycell.arrowmatcharrowpuzzle,com.tinycell.arrowmatcharrowpuzzle,,SUqh6rjyeCI,Arrow Match - Arrow Puzzle Games (Gameplay Android),https://www.youtube.com/watch?v=SUqh6rjyeCI,package_id_fallback,2026-05-18T04:27:36
2026-05-16,musthavegames_androidgameplay,Tiny Order: Idle Clicker RPG,tinyorderidleclickerrpg,google_play,https://play.google.com/store/apps/details?id=com.tinyorder.idle.cult.clicker,com.tinyorder.idle.cult.clicker,,LUu7ikzxAA0,Tiny Order: Idle Clicker RPG Games (Gameplay Android),https://www.youtube.com/watch?v=LUu7ikzxAA0,package_id_fallback,2026-05-18T04:27:36
2026-05-16,musthavegames_androidgameplay,Knit Shooter,knitshooter,google_play,https://play.google.com/store/apps/details?id=com.vigafun.amobear.knitzy.shooter,com.vigafun.amobear.knitzy.shooter,,hb1Oho05DZg,Knit Shooter Games (Gameplay Android),https://www.youtube.com/watch?v=hb1Oho05DZg,package_id_fallback,2026-05-18T04:27:36
2026-05-16,musthavegames_androidgameplay,Planet Clash,planetclash,google_play,https://play.google.com/store/apps/details?id=com.minigamelab.planetclash,com.minigamelab.planetclash,,2yHxyXBz9ts,Planet Clash Games (Gameplay Android),https://www.youtube.com/watch?v=2yHxyXBz9ts,package_id_fallback,2026-05-18T04:27:36
2026-05-16,musthavegames_androidgameplay,Bus Pack,buspack,google_play,https://play.google.com/store/apps/details?id=com.microdose.buspack,com.microdose.buspack,,jIGhbuWfboo,Bus Pack Games (Gameplay Android),https://www.youtube.com/watch?v=jIGhbuWfboo,package_id_fallback,2026-05-18T04:27:36
2026-05-16,musthavegames_androidgameplay,Ring Rescue: Color Puzzle,ringrescuecolorpuzzle,google_play,https://play.google.com/store/apps/details?id=com.puzzle.ringrescue,com.puzzle.ringrescue,,e_YsAPRxp04,Ring Rescue: Color Puzzle Games (Gameplay Android),https://www.youtube.com/watch?v=e_YsAPRxp04,package_id_fallback,2026-05-18T04:27:36
2026-05-16,musthavegames_androidgameplay,Defenders 3: Tower Defense CCG,defenders3towerdefenseccg,google_play,https://play.google.com/store/apps/details?id=com.battlepassgames.d3,com.battlepassgames.d3,,IANM13DWAy0,Defenders 3: Tower Defense CCG Games (Gameplay Android),https://www.youtube.com/watch?v=IANM13DWAy0,package_id_fallback,2026-05-18T04:27:36
2026-05-16,musthavegames_androidgameplay,Gecko Blocks - Path Puzzle,geckoblockspathpuzzle,google_play,https://play.google.com/store/apps/details?id=com.gecko.blocks,com.gecko.blocks,,EybE4yXBWK4,Gecko Blocks - Path Puzzle Games (Gameplay Android),https://www.youtube.com/watch?v=EybE4yXBWK4,package_id_fallback,2026-05-18T04:27:36
2026-05-16,musthavegames_androidgameplay,Mahjong Pro - Tile Match,mahjongprotilematch,google_play,https://play.google.com/store/apps/details?id=com.loopi.mahjongpro,com.loopi.mahjongpro,,2CXCgFPDpMQ,Mahjong Pro - Tile Match Games (Gameplay Android),https://www.youtube.com/watch?v=2CXCgFPDpMQ,package_id_fallback,2026-05-18T04:27:36
2026-05-16,musthavegames_androidgameplay,Stickmans Massive Battle Games,stickmansmassivebattlegames,google_play,https://play.google.com/store/apps/details?id=com.pivdev.stickmansmassivebattle,com.pivdev.stickmansmassivebattle,,kxXcITW_Z9s,Stickmans Massive Battle Games (Gameplay Android),https://www.youtube.com/watch?v=kxXcITW_Z9s,package_id_fallback,2026-05-18T04:27:36
2026-05-16,musthavegames_androidgameplay,Glow Sort - Jewel Color Puzzle,glowsortjewelcolorpuzzle,google_play,https://play.google.com/store/apps/details?id=com.jewelsort.pixelart.asmr2d,com.jewelsort.pixelart.asmr2d,,hIr5qHR1gbc,Glow Sort - Jewel Color Puzzle Games (Gameplay Android),https://www.youtube.com/watch?v=hIr5qHR1gbc,package_id_fallback,2026-05-18T04:27:36
2026-05-16,musthavegames_androidgameplay,Face Blast! Match & Merge Games,faceblastmatchmergegames,google_play,https://play.google.com/store/apps/details?id=com.cerebraivortx.faceblast,com.cerebraivortx.faceblast,,LbYNH5FNZYA,Face Blast! Match & Merge Games (Gameplay Android),https://www.youtube.com/watch?v=LbYNH5FNZYA,package_id_fallback,2026-05-18T04:27:36
2026-05-16,musthavegames_androidgameplay,Beach Drop Match: Pair Puzzle,beachdropmatchpairpuzzle,google_play,https://play.google.com/store/apps/details?id=com.vaqba.beach.drop.match,com.vaqba.beach.drop.match,,ivNQ-dB0BaA,Beach Drop Match: Pair Puzzle Games (Gameplay Android),https://www.youtube.com/watch?v=ivNQ-dB0BaA,package_id_fallback,2026-05-18T04:27:36
2026-05-16,musthavegames_androidgameplay,Arrow Brain Path : Game 2026,arrowbrainpathgame2026,google_play,https://play.google.com/store/apps/details?id=com.ggs.arrow.path.brain.puzzle,com.ggs.arrow.path.brain.puzzle,,ygNMQKmcuRg,Arrow Brain Path : Game 2026 Games (Gameplay Android),https://www.youtube.com/watch?v=ygNMQKmcuRg,package_id_fallback,2026-05-18T04:27:36
2026-05-16,musthavegames_androidgameplay,Coin Block Clicker: Tap Game,coinblockclickertapgame,google_play,https://play.google.com/store/apps/details?id=com.cubeclickercoin.app,com.cubeclickercoin.app,,dqk7QrNqcgs,Coin Block Clicker: Tap Game (Gameplay Android),https://www.youtube.com/watch?v=dqk7QrNqcgs,package_id_fallback,2026-05-18T04:27:36
2026-05-16,musthavegames_androidgameplay,Wool Puzzle 3D: Knit Challenge,woolpuzzle3dknitchallenge,google_play,https://play.google.com/store/apps/details?id=com.ayl.wool.puzzle.knit.challenge.game,com.ayl.wool.puzzle.knit.challenge.game,,ndG3I0h9xx8,Wool Puzzle 3D: Knit Challenge Games (Gameplay Android),https://www.youtube.com/watch?v=ndG3I0h9xx8,package_id_fallback,2026-05-18T04:27:36
2026-05-16,musthavegames_androidgameplay,SoEasy Tile: Puzzle Match,soeasytilepuzzlematch,google_play,https://play.google.com/store/apps/details?id=com.sofish.soeasytile.gp,com.sofish.soeasytile.gp,,bye8VA2zGLE,SoEasy Tile: Puzzle Match Games (Gameplay Android),https://www.youtube.com/watch?v=bye8VA2zGLE,package_id_fallback,2026-05-18T04:27:36
2026-05-16,newgamesdaily,Vehicle Masters #shorts #vehicles #vehicle 🚗🚓🚕🛺🚙🚌🚐🚎🚑🚒🚚🚛🚜,vehiclemastersshortsvehiclesvehicle,app_store,https://apps.apple.com/app/id6444705312,,6444705312,dbu1zoY-kac,Vehicle Masters #shorts #vehicles #vehicle 🚗🚓🚕🛺🚙🚌🚐🚎🚑🚒🚚🚛🚜,https://www.youtube.com/watch?v=dbu1zoY-kac,description_link_context,2026-05-18T04:27:34
